<?xml version="1.0" encoding="UTF-8"?><rss version="2.0"
	xmlns:content="http://purl.org/rss/1.0/modules/content/"
	xmlns:wfw="http://wellformedweb.org/CommentAPI/"
	xmlns:dc="http://purl.org/dc/elements/1.1/"
	xmlns:atom="http://www.w3.org/2005/Atom"
	xmlns:sy="http://purl.org/rss/1.0/modules/syndication/"
	xmlns:slash="http://purl.org/rss/1.0/modules/slash/"
	>

<channel>
	<title>Lưu trữ Video -</title>
	<atom:link href="http://localhost/duydang/category/video/feed/" rel="self" type="application/rss+xml" />
	<link>http://https://github.com/Duy2505/Duy2505github.io</link>
	<description></description>
	<lastBuildDate>Thu, 17 Mar 2022 04:46:58 +0000</lastBuildDate>
	<language>vi</language>
	<sy:updatePeriod>
	hourly	</sy:updatePeriod>
	<sy:updateFrequency>
	1	</sy:updateFrequency>
	<generator>https://wordpress.org/?v=6.0.1</generator>

<image>
	<url>http://https://github.com/Duy2505/Duy2505github.io/wp-content/uploads/2022/03/favicon.png</url>
	<title>Lưu trữ Video -</title>
	<link>http://https://github.com/Duy2505/Duy2505github.io</link>
	<width>32</width>
	<height>32</height>
</image> 
	<item>
		<title>Video</title>
		<link>http://https://github.com/Duy2505/Duy2505github.io/2022/03/14/video/</link>
					<comments>http://https://github.com/Duy2505/Duy2505github.io/2022/03/14/video/#respond</comments>
		
		<dc:creator><![CDATA[duydang]]></dc:creator>
		<pubDate>Mon, 14 Mar 2022 07:35:43 +0000</pubDate>
				<category><![CDATA[Video]]></category>
		<category><![CDATA[video]]></category>
		<guid isPermaLink="false">http://https://github.com/Duy2505/Duy2505github.io/?p=7</guid>

					<description><![CDATA[<p>Video hay adjafh sdfasdf ádf sadf sà àdfadf</p>
<p>Bài viết <a rel="nofollow" href="http://https://github.com/Duy2505/Duy2505github.io/2022/03/14/video/">Video</a> đã xuất hiện đầu tiên vào ngày <a rel="nofollow" href="http://https://github.com/Duy2505/Duy2505github.io"></a>.</p>
]]></description>
										<content:encoded><![CDATA[<p>Video hay</p>
<p>adjafh</p>
<p>sdfasdf</p>
<p>ádf</p>
<p>sadf</p>
<p>sà</p>
<p>àdfadf</p>
<p><iframe loading="lazy" title="Đau Nhất Là Lặng Im - Erik「Cukak Remix」/ Audio Lyrics Video" width="1020" height="574" src="https://www.youtube.com/embed/VTmShwjmEUw?feature=oembed" frameborder="0" allow="accelerometer; autoplay; clipboard-write; encrypted-media; gyroscope; picture-in-picture" allowfullscreen></iframe></p>
<p>Bài viết <a rel="nofollow" href="http://https://github.com/Duy2505/Duy2505github.io/2022/03/14/video/">Video</a> đã xuất hiện đầu tiên vào ngày <a rel="nofollow" href="http://https://github.com/Duy2505/Duy2505github.io"></a>.</p>
]]></content:encoded>
					
					<wfw:commentRss>http://https://github.com/Duy2505/Duy2505github.io/2022/03/14/video/feed/</wfw:commentRss>
			<slash:comments>0</slash:comments>
		
		
			</item>
	</channel>
</rss>
