<?xml version="1.0" encoding="UTF-8"?><rss version="2.0"
	xmlns:content="http://purl.org/rss/1.0/modules/content/"
	xmlns:wfw="http://wellformedweb.org/CommentAPI/"
	xmlns:dc="http://purl.org/dc/elements/1.1/"
	xmlns:atom="http://www.w3.org/2005/Atom"
	xmlns:sy="http://purl.org/rss/1.0/modules/syndication/"
	xmlns:slash="http://purl.org/rss/1.0/modules/slash/"
	>

<channel>
	<title>Lưu trữ Chưa phân loại -</title>
	<atom:link href="http://localhost/duydang/category/khong-phan-loai/feed/" rel="self" type="application/rss+xml" />
	<link>http://https://github.com/Duy2505/Duy2505github.io</link>
	<description></description>
	<lastBuildDate>Thu, 17 Mar 2022 04:47:49 +0000</lastBuildDate>
	<language>vi</language>
	<sy:updatePeriod>
	hourly	</sy:updatePeriod>
	<sy:updateFrequency>
	1	</sy:updateFrequency>
	<generator>https://wordpress.org/?v=6.0.1</generator>

<image>
	<url>http://https://github.com/Duy2505/Duy2505github.io/wp-content/uploads/2022/03/favicon.png</url>
	<title>Lưu trữ Chưa phân loại -</title>
	<link>http://https://github.com/Duy2505/Duy2505github.io</link>
	<width>32</width>
	<height>32</height>
</image> 
	<item>
		<title>Chào tất cả mọi người!</title>
		<link>http://https://github.com/Duy2505/Duy2505github.io/2022/03/14/chao-moi-nguoi/</link>
					<comments>http://https://github.com/Duy2505/Duy2505github.io/2022/03/14/chao-moi-nguoi/#comments</comments>
		
		<dc:creator><![CDATA[duydang]]></dc:creator>
		<pubDate>Mon, 14 Mar 2022 07:33:17 +0000</pubDate>
				<category><![CDATA[Chưa phân loại]]></category>
		<guid isPermaLink="false">http://https://github.com/Duy2505/Duy2505github.io/?p=1</guid>

					<description><![CDATA[<p>Cảm ơn vì đã sử dụng WordPress. Đây là bài viết đầu tiên của bạn. Sửa hoặc xóa nó, và bắt đầu bài viết của bạn nhé!</p>
<p>Bài viết <a rel="nofollow" href="http://https://github.com/Duy2505/Duy2505github.io/2022/03/14/chao-moi-nguoi/">Chào tất cả mọi người!</a> đã xuất hiện đầu tiên vào ngày <a rel="nofollow" href="http://https://github.com/Duy2505/Duy2505github.io"></a>.</p>
]]></description>
										<content:encoded><![CDATA[
<p>Cảm ơn vì đã sử dụng WordPress. Đây là bài viết đầu tiên của bạn. Sửa hoặc xóa nó, và bắt đầu bài viết của bạn nhé!</p>
<p>Bài viết <a rel="nofollow" href="http://https://github.com/Duy2505/Duy2505github.io/2022/03/14/chao-moi-nguoi/">Chào tất cả mọi người!</a> đã xuất hiện đầu tiên vào ngày <a rel="nofollow" href="http://https://github.com/Duy2505/Duy2505github.io"></a>.</p>
]]></content:encoded>
					
					<wfw:commentRss>http://https://github.com/Duy2505/Duy2505github.io/2022/03/14/chao-moi-nguoi/feed/</wfw:commentRss>
			<slash:comments>1</slash:comments>
		
		
			</item>
	</channel>
</rss>
