<?xml version="1.0" encoding="UTF-8"?><rss version="2.0"
	xmlns:content="http://purl.org/rss/1.0/modules/content/"
	xmlns:dc="http://purl.org/dc/elements/1.1/"
	xmlns:atom="http://www.w3.org/2005/Atom"
	xmlns:sy="http://purl.org/rss/1.0/modules/syndication/"
	
	>
<channel>
	<title>
	Các phản hồi luận về: Giáo viên chuyên nghiệp Công nghệ hiện đại	</title>
	<atom:link href="http://localhost/duydang/2022/03/21/giao-vien-chuyen-nghiep-cong-nghe-hien-dai/feed/" rel="self" type="application/rss+xml" />
	<link>http://https://github.com/Duy2505/Duy2505github.io/2022/03/21/giao-vien-chuyen-nghiep-cong-nghe-hien-dai/</link>
	<description></description>
	<lastBuildDate>Mon, 21 Mar 2022 08:20:17 +0000</lastBuildDate>
	<sy:updatePeriod>
	hourly	</sy:updatePeriod>
	<sy:updateFrequency>
	1	</sy:updateFrequency>
	<generator>https://wordpress.org/?v=6.0.1</generator>
</channel>
</rss>
