<?xml version="1.0" encoding="UTF-8"?><rss version="2.0"
	xmlns:content="http://purl.org/rss/1.0/modules/content/"
	xmlns:wfw="http://wellformedweb.org/CommentAPI/"
	xmlns:dc="http://purl.org/dc/elements/1.1/"
	xmlns:atom="http://www.w3.org/2005/Atom"
	xmlns:sy="http://purl.org/rss/1.0/modules/syndication/"
	xmlns:slash="http://purl.org/rss/1.0/modules/slash/"
	>

<channel>
	<title>Lưu trữ Bài báo -</title>
	<atom:link href="http://localhost/duydang/tag/bai-bao/feed/" rel="self" type="application/rss+xml" />
	<link>http://https://github.com/Duy2505/Duy2505github.io</link>
	<description></description>
	<lastBuildDate>Thu, 17 Mar 2022 04:45:58 +0000</lastBuildDate>
	<language>vi</language>
	<sy:updatePeriod>
	hourly	</sy:updatePeriod>
	<sy:updateFrequency>
	1	</sy:updateFrequency>
	<generator>https://wordpress.org/?v=6.0.1</generator>

<image>
	<url>http://https://github.com/Duy2505/Duy2505github.io/wp-content/uploads/2022/03/favicon.png</url>
	<title>Lưu trữ Bài báo -</title>
	<link>http://https://github.com/Duy2505/Duy2505github.io</link>
	<width>32</width>
	<height>32</height>
</image> 
	<item>
		<title>Bài báo</title>
		<link>http://https://github.com/Duy2505/Duy2505github.io/2022/03/16/bai-bao/</link>
					<comments>http://https://github.com/Duy2505/Duy2505github.io/2022/03/16/bai-bao/#respond</comments>
		
		<dc:creator><![CDATA[duydang]]></dc:creator>
		<pubDate>Wed, 16 Mar 2022 07:36:23 +0000</pubDate>
				<category><![CDATA[Bài báo]]></category>
		<category><![CDATA[Báo]]></category>
		<guid isPermaLink="false">http://https://github.com/Duy2505/Duy2505github.io/?p=125</guid>

					<description><![CDATA[<p>Ngày 15-3, Văn phòng Chính phủ có văn bản trực tiếp gửi Bộ trưởng Bộ Y tế Nguyễn Thanh Long truyền đạt ý kiến chỉ đạo của Thủ tướng Phạm Minh Chính về việc kiểm tra, thanh tra việc mua vắc xin cho trẻ em từ 5 đến 12 tuổi và cấp phép thuốc điều</p>
<p>Bài viết <a rel="nofollow" href="http://https://github.com/Duy2505/Duy2505github.io/2022/03/16/bai-bao/">Bài báo</a> đã xuất hiện đầu tiên vào ngày <a rel="nofollow" href="http://https://github.com/Duy2505/Duy2505github.io"></a>.</p>
]]></description>
										<content:encoded><![CDATA[<p><img loading="lazy" class="alignnone size-full wp-image-260" src="http://https://github.com/Duy2505/Duy2505github.io/wp-content/uploads/2022/03/pexels-energepiccom-288477.jpg" alt="" width="1280" height="960" />Ngày 15-3, Văn phòng Chính phủ có văn bản trực tiếp gửi Bộ trưởng Bộ Y tế Nguyễn Thanh Long truyền đạt ý kiến chỉ đạo của Thủ tướng Phạm Minh Chính về việc kiểm tra, thanh tra việc mua vắc xin cho trẻ em từ 5 đến 12 tuổi và cấp phép thuốc điều trị COVID-19.</p>
<p>Cơ quan này được yêu cầu phải thực hiện thanh tra nội bộ, kiểm điểm làm rõ trách nhiệm của tổ chức, cá nhân liên quan đến việc chậm triển khai mua vắc xin cho trẻ em từ 5 đến dưới 12 tuổi, báo cáo Thủ tướng trong tháng 3.</p>
<p>Điều đáng chú ý, đây không phải là lần đầu tiên Thủ tướng có chỉ đạo về vấn đề này, trước đó một tuần Thủ tướng cũng yêu cầu Bộ Y tế phải báo cáo giải trình, kiểm điểm làm rõ trách nhiệm và xử lý các tổ chức, cá nhân để chậm trễ theo đúng quy định.</p>
<p>Vậy lý do vì sao Bộ Y tế chậm trễ triển khai việc mua vắc xin cho trẻ em, khiến Thủ tướng phải nhiều lần nhắc nhở?</p>
<p>Bộ Y tế giải thích đã có nhiều lần báo cáo tới Chính phủ giải trình các vấn đề liên quan.</p>
<p>Bài viết <a rel="nofollow" href="http://https://github.com/Duy2505/Duy2505github.io/2022/03/16/bai-bao/">Bài báo</a> đã xuất hiện đầu tiên vào ngày <a rel="nofollow" href="http://https://github.com/Duy2505/Duy2505github.io"></a>.</p>
]]></content:encoded>
					
					<wfw:commentRss>http://https://github.com/Duy2505/Duy2505github.io/2022/03/16/bai-bao/feed/</wfw:commentRss>
			<slash:comments>0</slash:comments>
		
		
			</item>
	</channel>
</rss>
