<?xml version="1.0" encoding="UTF-8"?><rss version="2.0"
	xmlns:content="http://purl.org/rss/1.0/modules/content/"
	xmlns:wfw="http://wellformedweb.org/CommentAPI/"
	xmlns:dc="http://purl.org/dc/elements/1.1/"
	xmlns:atom="http://www.w3.org/2005/Atom"
	xmlns:sy="http://purl.org/rss/1.0/modules/syndication/"
	xmlns:slash="http://purl.org/rss/1.0/modules/slash/"
	>

<channel>
	<title>Lưu trữ demo 31575 -</title>
	<atom:link href="http://localhost/duydang/category/demo-31575/feed/" rel="self" type="application/rss+xml" />
	<link>http://https://github.com/Duy2505/Duy2505github.io</link>
	<description></description>
	<lastBuildDate>Wed, 23 Mar 2022 07:50:26 +0000</lastBuildDate>
	<language>vi</language>
	<sy:updatePeriod>
	hourly	</sy:updatePeriod>
	<sy:updateFrequency>
	1	</sy:updateFrequency>
	<generator>https://wordpress.org/?v=6.0.1</generator>

<image>
	<url>http://https://github.com/Duy2505/Duy2505github.io/wp-content/uploads/2022/03/favicon.png</url>
	<title>Lưu trữ demo 31575 -</title>
	<link>http://https://github.com/Duy2505/Duy2505github.io</link>
	<width>32</width>
	<height>32</height>
</image> 
	<item>
		<title>Chủ đề đa dạng Theo sát tiến trình</title>
		<link>http://https://github.com/Duy2505/Duy2505github.io/2022/03/21/chu-de-da-dang-theo-sat-tien-trinh/</link>
					<comments>http://https://github.com/Duy2505/Duy2505github.io/2022/03/21/chu-de-da-dang-theo-sat-tien-trinh/#respond</comments>
		
		<dc:creator><![CDATA[duydang]]></dc:creator>
		<pubDate>Mon, 21 Mar 2022 08:20:40 +0000</pubDate>
				<category><![CDATA[demo 31575]]></category>
		<guid isPermaLink="false">http://https://github.com/Duy2505/Duy2505github.io/?p=571</guid>

					<description><![CDATA[<p>Với 365 chủ đề và hệ thống riêng theo sát tiến trình học, học viên nhanh chóng cải thiện sự tự tin và khả năng ngoại ngữ vượt trội.</p>
<p>Bài viết <a rel="nofollow" href="http://https://github.com/Duy2505/Duy2505github.io/2022/03/21/chu-de-da-dang-theo-sat-tien-trinh/">Chủ đề đa dạng Theo sát tiến trình</a> đã xuất hiện đầu tiên vào ngày <a rel="nofollow" href="http://https://github.com/Duy2505/Duy2505github.io"></a>.</p>
]]></description>
										<content:encoded><![CDATA[<p>Với 365 chủ đề và hệ thống riêng theo sát tiến trình học, học viên nhanh chóng cải thiện sự tự tin và khả năng ngoại ngữ vượt trội.</p>
<p>Bài viết <a rel="nofollow" href="http://https://github.com/Duy2505/Duy2505github.io/2022/03/21/chu-de-da-dang-theo-sat-tien-trinh/">Chủ đề đa dạng Theo sát tiến trình</a> đã xuất hiện đầu tiên vào ngày <a rel="nofollow" href="http://https://github.com/Duy2505/Duy2505github.io"></a>.</p>
]]></content:encoded>
					
					<wfw:commentRss>http://https://github.com/Duy2505/Duy2505github.io/2022/03/21/chu-de-da-dang-theo-sat-tien-trinh/feed/</wfw:commentRss>
			<slash:comments>0</slash:comments>
		
		
			</item>
		<item>
		<title>Giáo viên chuyên nghiệp Công nghệ hiện đại</title>
		<link>http://https://github.com/Duy2505/Duy2505github.io/2022/03/21/giao-vien-chuyen-nghiep-cong-nghe-hien-dai/</link>
					<comments>http://https://github.com/Duy2505/Duy2505github.io/2022/03/21/giao-vien-chuyen-nghiep-cong-nghe-hien-dai/#respond</comments>
		
		<dc:creator><![CDATA[duydang]]></dc:creator>
		<pubDate>Mon, 21 Mar 2022 08:19:48 +0000</pubDate>
				<category><![CDATA[demo 31575]]></category>
		<guid isPermaLink="false">http://https://github.com/Duy2505/Duy2505github.io/?p=568</guid>

					<description><![CDATA[<p>Giáo viên chất lượng cao đến từ Âu, Úc, Mỹ. Ứng dụng trí tuệ nhân tạo giúp phát hiện sửa lỗi phát âm chỉ sau 10s và gia tăng 3000 từ vựng chỉ sau 3 tháng</p>
<p>Bài viết <a rel="nofollow" href="http://https://github.com/Duy2505/Duy2505github.io/2022/03/21/giao-vien-chuyen-nghiep-cong-nghe-hien-dai/">Giáo viên chuyên nghiệp Công nghệ hiện đại</a> đã xuất hiện đầu tiên vào ngày <a rel="nofollow" href="http://https://github.com/Duy2505/Duy2505github.io"></a>.</p>
]]></description>
										<content:encoded><![CDATA[<p>Giáo viên chất lượng cao đến từ Âu, Úc, Mỹ. Ứng dụng trí tuệ nhân tạo giúp phát hiện sửa lỗi phát âm chỉ sau 10s và gia tăng 3000 từ vựng chỉ sau 3 tháng</p>
<p>Bài viết <a rel="nofollow" href="http://https://github.com/Duy2505/Duy2505github.io/2022/03/21/giao-vien-chuyen-nghiep-cong-nghe-hien-dai/">Giáo viên chuyên nghiệp Công nghệ hiện đại</a> đã xuất hiện đầu tiên vào ngày <a rel="nofollow" href="http://https://github.com/Duy2505/Duy2505github.io"></a>.</p>
]]></content:encoded>
					
					<wfw:commentRss>http://https://github.com/Duy2505/Duy2505github.io/2022/03/21/giao-vien-chuyen-nghiep-cong-nghe-hien-dai/feed/</wfw:commentRss>
			<slash:comments>0</slash:comments>
		
		
			</item>
		<item>
		<title>Giao tiếp nhiều hơn Đẩy nhanh hiệu quả</title>
		<link>http://https://github.com/Duy2505/Duy2505github.io/2022/03/21/giao-tiep-nhieu-hon-day-nhanh-hieu-qua/</link>
					<comments>http://https://github.com/Duy2505/Duy2505github.io/2022/03/21/giao-tiep-nhieu-hon-day-nhanh-hieu-qua/#respond</comments>
		
		<dc:creator><![CDATA[duydang]]></dc:creator>
		<pubDate>Mon, 21 Mar 2022 08:18:49 +0000</pubDate>
				<category><![CDATA[demo 31575]]></category>
		<guid isPermaLink="false">http://https://github.com/Duy2505/Duy2505github.io/?p=564</guid>

					<description><![CDATA[<p>Lớp học quy mô 3-6 giúp học viên có nhiều thời gian giao tiếp hơn khi tương tác trực tiếp với giáo viên. Học quốc tế với chi phí nội địa.					</p>
<p>Bài viết <a rel="nofollow" href="http://https://github.com/Duy2505/Duy2505github.io/2022/03/21/giao-tiep-nhieu-hon-day-nhanh-hieu-qua/">Giao tiếp nhiều hơn Đẩy nhanh hiệu quả</a> đã xuất hiện đầu tiên vào ngày <a rel="nofollow" href="http://https://github.com/Duy2505/Duy2505github.io"></a>.</p>
]]></description>
										<content:encoded><![CDATA[<p>Giao tiếp nhiều hơn Đẩy nhanh hiệu quả<br />
Lớp học quy mô 3-6 giúp học viên có nhiều thời gian giao tiếp hơn khi tương tác trực tiếp với giáo viên. Học quốc tế với chi phí nội địa.</p>
<p>Bài viết <a rel="nofollow" href="http://https://github.com/Duy2505/Duy2505github.io/2022/03/21/giao-tiep-nhieu-hon-day-nhanh-hieu-qua/">Giao tiếp nhiều hơn Đẩy nhanh hiệu quả</a> đã xuất hiện đầu tiên vào ngày <a rel="nofollow" href="http://https://github.com/Duy2505/Duy2505github.io"></a>.</p>
]]></content:encoded>
					
					<wfw:commentRss>http://https://github.com/Duy2505/Duy2505github.io/2022/03/21/giao-tiep-nhieu-hon-day-nhanh-hieu-qua/feed/</wfw:commentRss>
			<slash:comments>0</slash:comments>
		
		
			</item>
	</channel>
</rss>
