<?xml version="1.0" encoding="UTF-8"?><rss version="2.0"
	xmlns:content="http://purl.org/rss/1.0/modules/content/"
	xmlns:wfw="http://wellformedweb.org/CommentAPI/"
	xmlns:dc="http://purl.org/dc/elements/1.1/"
	xmlns:atom="http://www.w3.org/2005/Atom"
	xmlns:sy="http://purl.org/rss/1.0/modules/syndication/"
	xmlns:slash="http://purl.org/rss/1.0/modules/slash/"
	>

<channel>
	<title></title>
	<atom:link href="http://localhost/duydang/feed/" rel="self" type="application/rss+xml" />
	<link>http://https://github.com/Duy2505/Duy2505github.io</link>
	<description></description>
	<lastBuildDate>Wed, 23 Mar 2022 07:50:26 +0000</lastBuildDate>
	<language>vi</language>
	<sy:updatePeriod>
	hourly	</sy:updatePeriod>
	<sy:updateFrequency>
	1	</sy:updateFrequency>
	<generator>https://wordpress.org/?v=6.0.1</generator>

<image>
	<url>http://https://github.com/Duy2505/Duy2505github.io/wp-content/uploads/2022/03/favicon.png</url>
	<title></title>
	<link>http://https://github.com/Duy2505/Duy2505github.io</link>
	<width>32</width>
	<height>32</height>
</image> 
	<item>
		<title>Chủ đề đa dạng Theo sát tiến trình</title>
		<link>http://https://github.com/Duy2505/Duy2505github.io/2022/03/21/chu-de-da-dang-theo-sat-tien-trinh/</link>
					<comments>http://https://github.com/Duy2505/Duy2505github.io/2022/03/21/chu-de-da-dang-theo-sat-tien-trinh/#respond</comments>
		
		<dc:creator><![CDATA[duydang]]></dc:creator>
		<pubDate>Mon, 21 Mar 2022 08:20:40 +0000</pubDate>
				<category><![CDATA[demo 31575]]></category>
		<guid isPermaLink="false">http://https://github.com/Duy2505/Duy2505github.io/?p=571</guid>

					<description><![CDATA[<p>Với 365 chủ đề và hệ thống riêng theo sát tiến trình học, học viên nhanh chóng cải thiện sự tự tin và khả năng ngoại ngữ vượt trội.</p>
<p>Bài viết <a rel="nofollow" href="http://https://github.com/Duy2505/Duy2505github.io/2022/03/21/chu-de-da-dang-theo-sat-tien-trinh/">Chủ đề đa dạng Theo sát tiến trình</a> đã xuất hiện đầu tiên vào ngày <a rel="nofollow" href="http://https://github.com/Duy2505/Duy2505github.io"></a>.</p>
]]></description>
										<content:encoded><![CDATA[<p>Với 365 chủ đề và hệ thống riêng theo sát tiến trình học, học viên nhanh chóng cải thiện sự tự tin và khả năng ngoại ngữ vượt trội.</p>
<p>Bài viết <a rel="nofollow" href="http://https://github.com/Duy2505/Duy2505github.io/2022/03/21/chu-de-da-dang-theo-sat-tien-trinh/">Chủ đề đa dạng Theo sát tiến trình</a> đã xuất hiện đầu tiên vào ngày <a rel="nofollow" href="http://https://github.com/Duy2505/Duy2505github.io"></a>.</p>
]]></content:encoded>
					
					<wfw:commentRss>http://https://github.com/Duy2505/Duy2505github.io/2022/03/21/chu-de-da-dang-theo-sat-tien-trinh/feed/</wfw:commentRss>
			<slash:comments>0</slash:comments>
		
		
			</item>
		<item>
		<title>Giáo viên chuyên nghiệp Công nghệ hiện đại</title>
		<link>http://https://github.com/Duy2505/Duy2505github.io/2022/03/21/giao-vien-chuyen-nghiep-cong-nghe-hien-dai/</link>
					<comments>http://https://github.com/Duy2505/Duy2505github.io/2022/03/21/giao-vien-chuyen-nghiep-cong-nghe-hien-dai/#respond</comments>
		
		<dc:creator><![CDATA[duydang]]></dc:creator>
		<pubDate>Mon, 21 Mar 2022 08:19:48 +0000</pubDate>
				<category><![CDATA[demo 31575]]></category>
		<guid isPermaLink="false">http://https://github.com/Duy2505/Duy2505github.io/?p=568</guid>

					<description><![CDATA[<p>Giáo viên chất lượng cao đến từ Âu, Úc, Mỹ. Ứng dụng trí tuệ nhân tạo giúp phát hiện sửa lỗi phát âm chỉ sau 10s và gia tăng 3000 từ vựng chỉ sau 3 tháng</p>
<p>Bài viết <a rel="nofollow" href="http://https://github.com/Duy2505/Duy2505github.io/2022/03/21/giao-vien-chuyen-nghiep-cong-nghe-hien-dai/">Giáo viên chuyên nghiệp Công nghệ hiện đại</a> đã xuất hiện đầu tiên vào ngày <a rel="nofollow" href="http://https://github.com/Duy2505/Duy2505github.io"></a>.</p>
]]></description>
										<content:encoded><![CDATA[<p>Giáo viên chất lượng cao đến từ Âu, Úc, Mỹ. Ứng dụng trí tuệ nhân tạo giúp phát hiện sửa lỗi phát âm chỉ sau 10s và gia tăng 3000 từ vựng chỉ sau 3 tháng</p>
<p>Bài viết <a rel="nofollow" href="http://https://github.com/Duy2505/Duy2505github.io/2022/03/21/giao-vien-chuyen-nghiep-cong-nghe-hien-dai/">Giáo viên chuyên nghiệp Công nghệ hiện đại</a> đã xuất hiện đầu tiên vào ngày <a rel="nofollow" href="http://https://github.com/Duy2505/Duy2505github.io"></a>.</p>
]]></content:encoded>
					
					<wfw:commentRss>http://https://github.com/Duy2505/Duy2505github.io/2022/03/21/giao-vien-chuyen-nghiep-cong-nghe-hien-dai/feed/</wfw:commentRss>
			<slash:comments>0</slash:comments>
		
		
			</item>
		<item>
		<title>Giao tiếp nhiều hơn Đẩy nhanh hiệu quả</title>
		<link>http://https://github.com/Duy2505/Duy2505github.io/2022/03/21/giao-tiep-nhieu-hon-day-nhanh-hieu-qua/</link>
					<comments>http://https://github.com/Duy2505/Duy2505github.io/2022/03/21/giao-tiep-nhieu-hon-day-nhanh-hieu-qua/#respond</comments>
		
		<dc:creator><![CDATA[duydang]]></dc:creator>
		<pubDate>Mon, 21 Mar 2022 08:18:49 +0000</pubDate>
				<category><![CDATA[demo 31575]]></category>
		<guid isPermaLink="false">http://https://github.com/Duy2505/Duy2505github.io/?p=564</guid>

					<description><![CDATA[<p>Lớp học quy mô 3-6 giúp học viên có nhiều thời gian giao tiếp hơn khi tương tác trực tiếp với giáo viên. Học quốc tế với chi phí nội địa.					</p>
<p>Bài viết <a rel="nofollow" href="http://https://github.com/Duy2505/Duy2505github.io/2022/03/21/giao-tiep-nhieu-hon-day-nhanh-hieu-qua/">Giao tiếp nhiều hơn Đẩy nhanh hiệu quả</a> đã xuất hiện đầu tiên vào ngày <a rel="nofollow" href="http://https://github.com/Duy2505/Duy2505github.io"></a>.</p>
]]></description>
										<content:encoded><![CDATA[<p>Giao tiếp nhiều hơn Đẩy nhanh hiệu quả<br />
Lớp học quy mô 3-6 giúp học viên có nhiều thời gian giao tiếp hơn khi tương tác trực tiếp với giáo viên. Học quốc tế với chi phí nội địa.</p>
<p>Bài viết <a rel="nofollow" href="http://https://github.com/Duy2505/Duy2505github.io/2022/03/21/giao-tiep-nhieu-hon-day-nhanh-hieu-qua/">Giao tiếp nhiều hơn Đẩy nhanh hiệu quả</a> đã xuất hiện đầu tiên vào ngày <a rel="nofollow" href="http://https://github.com/Duy2505/Duy2505github.io"></a>.</p>
]]></content:encoded>
					
					<wfw:commentRss>http://https://github.com/Duy2505/Duy2505github.io/2022/03/21/giao-tiep-nhieu-hon-day-nhanh-hieu-qua/feed/</wfw:commentRss>
			<slash:comments>0</slash:comments>
		
		
			</item>
		<item>
		<title>Bài viết 2</title>
		<link>http://https://github.com/Duy2505/Duy2505github.io/2022/03/17/bai-viet-2/</link>
					<comments>http://https://github.com/Duy2505/Duy2505github.io/2022/03/17/bai-viet-2/#respond</comments>
		
		<dc:creator><![CDATA[duydang]]></dc:creator>
		<pubDate>Thu, 17 Mar 2022 05:26:28 +0000</pubDate>
				<category><![CDATA[Bài báo]]></category>
		<guid isPermaLink="false">http://https://github.com/Duy2505/Duy2505github.io/?p=279</guid>

					<description><![CDATA[<p>skdafnkasfofadsfasdf</p>
<p>Bài viết <a rel="nofollow" href="http://https://github.com/Duy2505/Duy2505github.io/2022/03/17/bai-viet-2/">Bài viết 2</a> đã xuất hiện đầu tiên vào ngày <a rel="nofollow" href="http://https://github.com/Duy2505/Duy2505github.io"></a>.</p>
]]></description>
										<content:encoded><![CDATA[<p>skdafnkasfofadsfasdf</p>
<p>Bài viết <a rel="nofollow" href="http://https://github.com/Duy2505/Duy2505github.io/2022/03/17/bai-viet-2/">Bài viết 2</a> đã xuất hiện đầu tiên vào ngày <a rel="nofollow" href="http://https://github.com/Duy2505/Duy2505github.io"></a>.</p>
]]></content:encoded>
					
					<wfw:commentRss>http://https://github.com/Duy2505/Duy2505github.io/2022/03/17/bai-viet-2/feed/</wfw:commentRss>
			<slash:comments>0</slash:comments>
		
		
			</item>
		<item>
		<title>Mot bai viet</title>
		<link>http://https://github.com/Duy2505/Duy2505github.io/2022/03/17/mot-bai-viet/</link>
					<comments>http://https://github.com/Duy2505/Duy2505github.io/2022/03/17/mot-bai-viet/#respond</comments>
		
		<dc:creator><![CDATA[duydang]]></dc:creator>
		<pubDate>Thu, 17 Mar 2022 04:48:38 +0000</pubDate>
				<category><![CDATA[Bài báo]]></category>
		<category><![CDATA[Báo]]></category>
		<guid isPermaLink="false">http://https://github.com/Duy2505/Duy2505github.io/?p=276</guid>

					<description><![CDATA[<p>afasdfasdfawfwefadfds</p>
<p>Bài viết <a rel="nofollow" href="http://https://github.com/Duy2505/Duy2505github.io/2022/03/17/mot-bai-viet/">Mot bai viet</a> đã xuất hiện đầu tiên vào ngày <a rel="nofollow" href="http://https://github.com/Duy2505/Duy2505github.io"></a>.</p>
]]></description>
										<content:encoded><![CDATA[<p>afasdfasdfawfwefadfds</p>
<p>Bài viết <a rel="nofollow" href="http://https://github.com/Duy2505/Duy2505github.io/2022/03/17/mot-bai-viet/">Mot bai viet</a> đã xuất hiện đầu tiên vào ngày <a rel="nofollow" href="http://https://github.com/Duy2505/Duy2505github.io"></a>.</p>
]]></content:encoded>
					
					<wfw:commentRss>http://https://github.com/Duy2505/Duy2505github.io/2022/03/17/mot-bai-viet/feed/</wfw:commentRss>
			<slash:comments>0</slash:comments>
		
		
			</item>
		<item>
		<title>Bài báo</title>
		<link>http://https://github.com/Duy2505/Duy2505github.io/2022/03/16/bai-bao/</link>
					<comments>http://https://github.com/Duy2505/Duy2505github.io/2022/03/16/bai-bao/#respond</comments>
		
		<dc:creator><![CDATA[duydang]]></dc:creator>
		<pubDate>Wed, 16 Mar 2022 07:36:23 +0000</pubDate>
				<category><![CDATA[Bài báo]]></category>
		<category><![CDATA[Báo]]></category>
		<guid isPermaLink="false">http://https://github.com/Duy2505/Duy2505github.io/?p=125</guid>

					<description><![CDATA[<p>Ngày 15-3, Văn phòng Chính phủ có văn bản trực tiếp gửi Bộ trưởng Bộ Y tế Nguyễn Thanh Long truyền đạt ý kiến chỉ đạo của Thủ tướng Phạm Minh Chính về việc kiểm tra, thanh tra việc mua vắc xin cho trẻ em từ 5 đến 12 tuổi và cấp phép thuốc điều</p>
<p>Bài viết <a rel="nofollow" href="http://https://github.com/Duy2505/Duy2505github.io/2022/03/16/bai-bao/">Bài báo</a> đã xuất hiện đầu tiên vào ngày <a rel="nofollow" href="http://https://github.com/Duy2505/Duy2505github.io"></a>.</p>
]]></description>
										<content:encoded><![CDATA[<p><img loading="lazy" class="alignnone size-full wp-image-260" src="http://https://github.com/Duy2505/Duy2505github.io/wp-content/uploads/2022/03/pexels-energepiccom-288477.jpg" alt="" width="1280" height="960" />Ngày 15-3, Văn phòng Chính phủ có văn bản trực tiếp gửi Bộ trưởng Bộ Y tế Nguyễn Thanh Long truyền đạt ý kiến chỉ đạo của Thủ tướng Phạm Minh Chính về việc kiểm tra, thanh tra việc mua vắc xin cho trẻ em từ 5 đến 12 tuổi và cấp phép thuốc điều trị COVID-19.</p>
<p>Cơ quan này được yêu cầu phải thực hiện thanh tra nội bộ, kiểm điểm làm rõ trách nhiệm của tổ chức, cá nhân liên quan đến việc chậm triển khai mua vắc xin cho trẻ em từ 5 đến dưới 12 tuổi, báo cáo Thủ tướng trong tháng 3.</p>
<p>Điều đáng chú ý, đây không phải là lần đầu tiên Thủ tướng có chỉ đạo về vấn đề này, trước đó một tuần Thủ tướng cũng yêu cầu Bộ Y tế phải báo cáo giải trình, kiểm điểm làm rõ trách nhiệm và xử lý các tổ chức, cá nhân để chậm trễ theo đúng quy định.</p>
<p>Vậy lý do vì sao Bộ Y tế chậm trễ triển khai việc mua vắc xin cho trẻ em, khiến Thủ tướng phải nhiều lần nhắc nhở?</p>
<p>Bộ Y tế giải thích đã có nhiều lần báo cáo tới Chính phủ giải trình các vấn đề liên quan.</p>
<p>Bài viết <a rel="nofollow" href="http://https://github.com/Duy2505/Duy2505github.io/2022/03/16/bai-bao/">Bài báo</a> đã xuất hiện đầu tiên vào ngày <a rel="nofollow" href="http://https://github.com/Duy2505/Duy2505github.io"></a>.</p>
]]></content:encoded>
					
					<wfw:commentRss>http://https://github.com/Duy2505/Duy2505github.io/2022/03/16/bai-bao/feed/</wfw:commentRss>
			<slash:comments>0</slash:comments>
		
		
			</item>
		<item>
		<title>Video</title>
		<link>http://https://github.com/Duy2505/Duy2505github.io/2022/03/14/video/</link>
					<comments>http://https://github.com/Duy2505/Duy2505github.io/2022/03/14/video/#respond</comments>
		
		<dc:creator><![CDATA[duydang]]></dc:creator>
		<pubDate>Mon, 14 Mar 2022 07:35:43 +0000</pubDate>
				<category><![CDATA[Video]]></category>
		<category><![CDATA[video]]></category>
		<guid isPermaLink="false">http://https://github.com/Duy2505/Duy2505github.io/?p=7</guid>

					<description><![CDATA[<p>Video hay adjafh sdfasdf ádf sadf sà àdfadf</p>
<p>Bài viết <a rel="nofollow" href="http://https://github.com/Duy2505/Duy2505github.io/2022/03/14/video/">Video</a> đã xuất hiện đầu tiên vào ngày <a rel="nofollow" href="http://https://github.com/Duy2505/Duy2505github.io"></a>.</p>
]]></description>
										<content:encoded><![CDATA[<p>Video hay</p>
<p>adjafh</p>
<p>sdfasdf</p>
<p>ádf</p>
<p>sadf</p>
<p>sà</p>
<p>àdfadf</p>
<p><iframe loading="lazy" title="Đau Nhất Là Lặng Im - Erik「Cukak Remix」/ Audio Lyrics Video" width="1020" height="574" src="https://www.youtube.com/embed/VTmShwjmEUw?feature=oembed" frameborder="0" allow="accelerometer; autoplay; clipboard-write; encrypted-media; gyroscope; picture-in-picture" allowfullscreen></iframe></p>
<p>Bài viết <a rel="nofollow" href="http://https://github.com/Duy2505/Duy2505github.io/2022/03/14/video/">Video</a> đã xuất hiện đầu tiên vào ngày <a rel="nofollow" href="http://https://github.com/Duy2505/Duy2505github.io"></a>.</p>
]]></content:encoded>
					
					<wfw:commentRss>http://https://github.com/Duy2505/Duy2505github.io/2022/03/14/video/feed/</wfw:commentRss>
			<slash:comments>0</slash:comments>
		
		
			</item>
		<item>
		<title>Chào tất cả mọi người!</title>
		<link>http://https://github.com/Duy2505/Duy2505github.io/2022/03/14/chao-moi-nguoi/</link>
					<comments>http://https://github.com/Duy2505/Duy2505github.io/2022/03/14/chao-moi-nguoi/#comments</comments>
		
		<dc:creator><![CDATA[duydang]]></dc:creator>
		<pubDate>Mon, 14 Mar 2022 07:33:17 +0000</pubDate>
				<category><![CDATA[Chưa phân loại]]></category>
		<guid isPermaLink="false">http://https://github.com/Duy2505/Duy2505github.io/?p=1</guid>

					<description><![CDATA[<p>Cảm ơn vì đã sử dụng WordPress. Đây là bài viết đầu tiên của bạn. Sửa hoặc xóa nó, và bắt đầu bài viết của bạn nhé!</p>
<p>Bài viết <a rel="nofollow" href="http://https://github.com/Duy2505/Duy2505github.io/2022/03/14/chao-moi-nguoi/">Chào tất cả mọi người!</a> đã xuất hiện đầu tiên vào ngày <a rel="nofollow" href="http://https://github.com/Duy2505/Duy2505github.io"></a>.</p>
]]></description>
										<content:encoded><![CDATA[
<p>Cảm ơn vì đã sử dụng WordPress. Đây là bài viết đầu tiên của bạn. Sửa hoặc xóa nó, và bắt đầu bài viết của bạn nhé!</p>
<p>Bài viết <a rel="nofollow" href="http://https://github.com/Duy2505/Duy2505github.io/2022/03/14/chao-moi-nguoi/">Chào tất cả mọi người!</a> đã xuất hiện đầu tiên vào ngày <a rel="nofollow" href="http://https://github.com/Duy2505/Duy2505github.io"></a>.</p>
]]></content:encoded>
					
					<wfw:commentRss>http://https://github.com/Duy2505/Duy2505github.io/2022/03/14/chao-moi-nguoi/feed/</wfw:commentRss>
			<slash:comments>1</slash:comments>
		
		
			</item>
	</channel>
</rss>
